insert into rooms (room_number, price, room_type) values (1, 59,'single');
insert into rooms (room_number, price, room_type) values (2, 57,'double');
insert into rooms (room_number, price, room_type) values (3, 35,'apartment');
insert into rooms (room_number, price, room_type) values (4, 40,'double');
insert into rooms (room_number, price, room_type) values (5, 24,'single');
insert into rooms (room_number, price, room_type) values (6, 40,'double');
insert into rooms (room_number, price, room_type) values (7, 21,'apartment');
insert into rooms (room_number, price, room_type) values (8, 12,'single');
insert into rooms (room_number, price, room_type) values (9, 10,'double');
insert into rooms (room_number, price, room_type) values (10, 87,'apartment');


insert into guests (guestID, first_name, last_name, email, phone_number) values (1, 'Jayson', 'Start', 'jstart0@kickstarter.com', '7733776');
insert into guests (guestID, first_name, last_name, email, phone_number) values (2, 'Tarrah', 'Elcome', 'telcome1@ihg.com', '9541850');
insert into guests (guestID, first_name, last_name, email, phone_number) values (3, 'Hi', 'Windrum', 'hwindrum2@dedecms.com', '7126642');
insert into guests (guestID, first_name, last_name, email, phone_number) values (4, 'Ariel', 'Brusin', 'abrusin3@discuz.net', '4092210');
insert into guests (guestID, first_name, last_name, email, phone_number) values (5, 'Marty', 'Skellen', 'mskellen4@usa.gov', '5433433');
insert into guests (guestID, first_name, last_name, email, phone_number) values (6, 'Mickie', 'Zottoli', 'mzottoli5@usgs.gov', '8056746');
insert into guests (guestID, first_name, last_name, email, phone_number) values (7, 'Glenden', 'Fenney', 'gfenney6@techcrunch.com', '8388267');
insert into guests (guestID, first_name, last_name, email, phone_number) values (8, 'Julie', 'Jannings', 'jjannings7@uiuc.edu', '1387985');
insert into guests (guestID, first_name, last_name, email, phone_number) values (9, 'Marius', 'Di Batista', 'mdibatista8@prnewswire.com', '3465511');


insert into bookings (bookingID, guestID, room_number, check_in, check_out) values (294, 1, 10, '2019-07-14 00:48:46', '2019-05-03 10:02:12');
insert into bookings (bookingID, guestID, room_number, check_in, check_out) values (8626, 2, 4, '2019-10-21 21:31:28', '2020-01-21 14:37:04');
insert into bookings (bookingID, guestID, room_number, check_in, check_out) values (8632, 3, 5, '2019-03-18 05:50:01', '2020-03-11 23:52:44');
insert into bookings (bookingID, guestID, room_number, check_in, check_out) values (9014, 4, 1, '2019-11-02 14:47:54', '2019-09-08 21:30:30');
insert into bookings (bookingID, guestID, room_number, check_in, check_out) values (5099, 5, 6, '2019-09-06 22:14:33', '2020-02-28 08:35:20');
insert into bookings (bookingID, guestID, room_number, check_in, check_out) values (3813, 3, 7, '2019-09-23 22:52:53', '2019-11-15 04:55:39');
insert into bookings (bookingID, guestID, room_number, check_in, check_out) values (3212, 4, 4, '2019-09-02 06:07:57', '2019-05-09 18:14:51');
insert into bookings (bookingID, guestID, room_number, check_in, check_out) values (5696, 7, 8, '2019-04-23 01:00:28', '2019-03-22 15:31:51');
insert into bookings (bookingID, guestID, room_number, check_in, check_out) values (2498, 6, 7, '2020-01-20 05:03:02', '2019-08-18 13:20:42');
insert into bookings (bookingID, guestID, room_number, check_in, check_out) values (3563, 9, 9, '2019-08-31 12:00:52', '2019-10-29 19:34:35');
